altitude_m,g_predicted,g_measured,error
0,9.80665,9.80665,0.0
1000,9.80357,9.80356,1e-05
5000,9.79128,9.79124,4e-05
10000,9.77594,9.77583,0.00011
100000,9.5059,9.50475,0.00115
400000,8.68221,8.69,0.00779
