model,distance_km,efficiency
Globe,384400,5.385467110787659e-13
Dome,5000,0.07694497527671318
