Star,Altitude_deg,Azimuth_deg,Visible,Direction
Sirius,-29.435260076996133,89.94878959071778,NO ❌,E
Betelgeuse,-5.314014495226841,76.86622412994438,NO ❌,E
Rigel,-6.359235511781796,95.53909303271047,NO ❌,E
Procyon,-26.397234113768977,60.98768073322613,NO ❌,NE
Capella,23.430102780325033,49.14576527509554,YES ✅,NE
Aldebaran,15.714476541657003,80.75151531550534,YES ✅,E
Pollux,-10.39336858445468,43.724772992734025,NO ❌,NE
Castor,-5.947934569414147,43.01009647842191,NO ❌,NE
